patient_id,date,steps,distance_km,gait_speed_mps,stride_length_cm,gait_asymmetry_percent,activity_minutes,energy_harvested_mj
P001,2024-01-01,6300,4.5,1.19,66.0,8.5,36,17.7
P001,2024-01-02,6455,4.56,1.2,66.8,8.7,38,18.4
P001,2024-01-03,6610,4.61,1.21,67.6,8.9,40,19.1
P001,2024-01-04,6765,4.67,1.22,68.4,9.1,42,19.8
P001,2024-01-05,6920,4.73,1.23,69.2,9.3,44,20.5
P001,2024-01-06,7075,4.79,1.24,70.0,9.5,46,21.2
P001,2024-01-07,7230,4.84,1.25,70.8,9.7,48,21.9
P001,2024-01-08,7385,4.9,1.26,71.6,9.9,50,22.6
P001,2024-01-09,7540,4.96,1.27,72.4,10.1,52,23.3
P001,2024-01-10,7695,5.01,1.28,73.2,10.3,54,24.0
P001,2024-01-11,7850,5.07,1.29,74.0,10.5,56,24.7
P001,2024-01-12,8005,5.13,1.3,74.8,10.7,58,25.4
P001,2024-01-13,8160,5.19,1.31,75.6,10.9,60,26.1
P001,2024-01-14,8315,5.24,1.32,76.4,11.1,62,26.8
P002,2024-01-01,5000,3.21,1.1,74.0,8.5,44,14.5
P002,2024-01-02,5155,3.27,1.11,74.8,8.7,46,15.2
P002,2024-01-03,5310,3.33,1.12,75.6,8.9,48,15.9
P002,2024-01-04,5465,3.39,1.13,76.4,9.1,50,16.6
P002,2024-01-05,5620,3.44,1.14,77.2,9.3,52,17.3
P002,2024-01-06,5775,3.5,1.15,78.0,9.5,54,18.0
P002,2024-01-07,5930,3.56,1.16,78.8,9.7,56,18.7
P002,2024-01-08,6085,3.61,1.17,79.6,9.9,58,19.4
P002,2024-01-09,6240,3.67,1.18,80.4,10.1,60,20.1
P002,2024-01-10,6395,3.73,1.19,81.2,10.3,62,20.8
P002,2024-01-11,6550,3.79,1.2,82.0,10.5,64,21.5
P002,2024-01-12,6705,3.84,1.21,82.8,10.7,66,22.2
P002,2024-01-13,6860,3.9,1.22,83.6,10.9,68,22.9
P002,2024-01-14,7015,3.96,1.23,84.4,11.1,70,23.6
P003,2024-01-01,4500,3.81,1.1,66.0,11.0,36,14.5
P003,2024-01-02,4655,3.87,1.11,66.8,11.2,38,15.2
P003,2024-01-03,4810,3.93,1.12,67.6,11.4,40,15.9
P003,2024-01-04,4965,3.99,1.13,68.4,11.6,42,16.6
P003,2024-01-05,5120,4.04,1.14,69.2,11.8,44,17.3
P003,2024-01-06,5275,4.1,1.15,70.0,12.0,46,18.0
P003,2024-01-07,5430,4.16,1.16,70.8,12.2,48,18.7
P003,2024-01-08,5585,4.21,1.17,71.6,12.4,50,19.4
P003,2024-01-09,5740,4.27,1.18,72.4,12.6,52,20.1
P003,2024-01-10,5895,4.33,1.19,73.2,12.8,54,20.8
P003,2024-01-11,6050,4.39,1.2,74.0,13.0,56,21.5
P003,2024-01-12,6205,4.44,1.21,74.8,13.2,58,22.2
P003,2024-01-13,6360,4.5,1.22,75.6,13.4,60,22.9
P003,2024-01-14,6515,4.56,1.23,76.4,13.6,62,23.6
